{
  "epoch": 2,
  "train_loss_total": 211.24093256959128,
  "train_loss_quality": 210.84483060924285,
  "train_loss_distortion": 2.5126833675104545,
  "train_loss_compression": 1.448337752884681,
  "train_lr": 0.0008100000000000001,
  "train_num_batches": 109.0,
  "val_PLCC": 0.226219190388957,
  "val_SRCC": 0.23346674290070513,
  "val_RMSE": 27.627373785730875,
  "val_distortion_acc": 0.07407407407407407,
  "val_compression_acc": 0.037037037037037035,
  "val_num_samples": 54,
  "val_num_batches": 14,
  "val_loss_loss_total": 746.8528861999512,
  "val_loss_loss_quality": 746.4553745814732,
  "val_loss_loss_distortion": 2.519551634788513,
  "val_loss_loss_compression": 1.455516014780317
}