{
  "epoch": 355,
  "monitor_metric": "PLCC",
  "monitor_value": 0.9869752094044166,
  "val": {
    "PLCC": 0.9869752094044166,
    "SRCC": 0.9912220316371259,
    "RMSE": 2.734025537082264,
    "distortion_acc": 0.918518518518518517,
    "compression_acc": 0.9148148148148148,
    "num_samples": 54,
    "num_batches": 14
  },
  "losses": {
    "loss_total": 79.8889675140381,
    "loss_quality": 79.50488240378243,
    "loss_distortion": 0.485281995364598,
    "loss_compression": 0.355566246168954
  },
  "aux_metrics": {
    "distortion_acc": 0.918518518518518517,
    "compression_acc": 0.9148148148148148,
    "num_samples": 54,
    "num_batches": 14
  }
}