{
  "epoch": 35,
  "train_loss_total": 92.86660486405049,
  "train_loss_quality": 92.48121084641973,
  "train_loss_distortion": 2.489540775981518,
  "train_loss_compression": 1.3644011611238531,
  "train_lr": 2.503155504993244e-05,
  "train_num_batches": 109.0,
  "val_PLCC": 0.7469752094044166,
  "val_SRCC": 0.8052220316371259,
  "val_RMSE": 11.849025537082264,
  "val_distortion_acc": 0.018518518518518517,
  "val_compression_acc": 0.3148148148148148,
  "val_num_samples": 54,
  "val_num_batches": 14,
  "val_loss_loss_total": 179.8889675140381,
  "val_loss_loss_quality": 179.50488240378243,
  "val_loss_loss_distortion": 2.485281995364598,
  "val_loss_loss_compression": 1.355566246168954
}