{
  "epoch": 27,
  "train_loss_total": 102.34426879882812,
  "train_loss_quality": 101.95866800010751,
  "train_loss_distortion": 2.4914573179472477,
  "train_loss_compression": 1.364543016897429,
  "train_lr": 5.81497370030401e-05,
  "train_num_batches": 109.0,
  "val_PLCC": 0.7355530661220057,
  "val_SRCC": 0.798437202210787,
  "val_RMSE": 11.384707861196762,
  "val_distortion_acc": 0.018518518518518517,
  "val_compression_acc": 0.3148148148148148,
  "val_num_samples": 54,
  "val_num_batches": 14,
  "val_loss_loss_total": 162.68316759381975,
  "val_loss_loss_quality": 162.29908670697893,
  "val_loss_loss_distortion": 2.4845220702035085,
  "val_loss_loss_compression": 1.3563250643866402
}