{
  "epoch": 12,
  "train_loss_total": 116.90614121113349,
  "train_loss_quality": 116.52108857391077,
  "train_loss_distortion": 2.4845885289918392,
  "train_loss_compression": 1.3659346923915618,
  "train_lr": 0.00028242953648100003,
  "train_num_batches": 109.0,
  "val_PLCC": 0.6194840115827343,
  "val_SRCC": 0.7266247379454926,
  "val_RMSE": 12.551997156391954,
  "val_distortion_acc": 0.018518518518518517,
  "val_compression_acc": 0.3148148148148148,
  "val_num_samples": 54,
  "val_num_batches": 14,
  "val_loss_loss_total": 195.6835015160697,
  "val_loss_loss_quality": 195.29883677618844,
  "val_loss_loss_distortion": 2.485941069466727,
  "val_loss_loss_compression": 1.3606896145003182
}