{
  "epoch": 10,
  "train_loss_total": 124.50013129208067,
  "train_loss_quality": 124.11479325250748,
  "train_loss_distortion": 2.4854396614459677,
  "train_loss_compression": 1.367938587424952,
  "train_lr": 0.0003486784401,
  "train_num_batches": 109.0,
  "val_PLCC": 0.593291483151862,
  "val_SRCC": 0.6748618258052219,
  "val_RMSE": 13.337746706996422,
  "val_distortion_acc": 0.018518518518518517,
  "val_compression_acc": 0.3148148148148148,
  "val_num_samples": 54,
  "val_num_batches": 14,
  "val_loss_loss_total": 221.21036229814803,
  "val_loss_loss_quality": 220.82524858202254,
  "val_loss_loss_distortion": 2.4892915146691457,
  "val_loss_loss_compression": 1.3618157591138567
}