{
  "epoch": 9,
  "train_loss_total": 130.01123002253541,
  "train_loss_quality": 129.62442109344204,
  "train_loss_distortion": 2.4901059592535737,
  "train_loss_compression": 1.3779841902059153,
  "train_lr": 0.000387420489,
  "train_num_batches": 109.0,
  "val_PLCC": 0.5693188917187844,
  "val_SRCC": 0.7253287592910234,
  "val_RMSE": 14.965733041213813,
  "val_distortion_acc": 0.018518518518518517,
  "val_compression_acc": 0.3148148148148148,
  "val_num_samples": 54,
  "val_num_batches": 14,
  "val_loss_loss_total": 317.3685612678528,
  "val_loss_loss_quality": 316.983277797699,
  "val_loss_loss_distortion": 2.488123297691345,
  "val_loss_loss_compression": 1.3647328615188599
}