{
  "epoch": 37,
  "train_loss_total": 90.1489366785102,
  "train_loss_quality": 89.76297350542261,
  "train_loss_distortion": 2.4977586838083528,
  "train_loss_compression": 1.361866055278603,
  "train_lr": 2.0275559590445276e-05,
  "train_num_batches": 109.0,
  "val_PLCC": 0.7210744093841448,
  "val_SRCC": 0.8034686487516675,
  "val_RMSE": 11.856185739699828,
  "val_distortion_acc": 0.018518518518518517,
  "val_compression_acc": 0.3148148148148148,
  "val_num_samples": 54,
  "val_num_batches": 14,
  "val_loss_loss_total": 190.146929195949,
  "val_loss_loss_quality": 189.76280375889368,
  "val_loss_loss_distortion": 2.484248093196324,
  "val_loss_loss_compression": 1.3569989119257246
}