{
  "epoch": 32,
  "train_loss_total": 92.3060870564312,
  "train_loss_quality": 91.92056171828453,
  "train_loss_distortion": 2.493453745448261,
  "train_loss_compression": 1.361800727494266,
  "train_lr": 3.433683820292515e-05,
  "train_num_batches": 109.0,
  "val_PLCC": 0.6545756472451425,
  "val_SRCC": 0.7472079283400037,
  "val_RMSE": 12.52000843212176,
  "val_distortion_acc": 0.0,
  "val_compression_acc": 0.3148148148148148,
  "val_num_samples": 54,
  "val_num_batches": 14,
  "val_loss_loss_total": 195.06589664731706,
  "val_loss_loss_quality": 194.6817991733551,
  "val_loss_loss_distortion": 2.483166422162737,
  "val_loss_loss_compression": 1.3578292046274458
}