{
  "distortion_acc": 0.07272727272727272,
  "compression_acc": 0.32727272727272727,
  "num_samples": 55,
  "num_batches": 14
}