{
  "loss_total": 13.830147743225098,
  "loss_quality": 13.418869018554688,
  "loss_distortion": 2.5313239097595215,
  "loss_compression": 1.58146333694458
}