,PLCC,SRCC,RMSE
AVC,0.9302240992266233,0.87203302373581,5.598272180112523
