{
  "PLCC": 0.7570349296645003,
  "SRCC": 0.8270562770562773,
  "RMSE": 11.193140679553355,
  "distortion_acc": 0.07272727272727272,
  "compression_acc": 0.32727272727272727,
  "num_samples": 55,
  "num_batches": 14
}