{
  "loss_total": 29.957182121276855,
  "loss_quality": 29.575039863586426,
  "loss_distortion": 2.4702951908111572,
  "loss_compression": 1.3511302709579467
}