{
  "loss_total": 138.4964349610465,
  "loss_quality": 138.11321619578771,
  "loss_distortion": 2.4829550300325667,
  "loss_compression": 1.349243402481079
}