,PLCC,SRCC,RMSE
JPEG,0.8297942710343238,0.8658410732714137,17.469656570257804
