{
  "loss_total": 397.4563583374023,
  "loss_quality": 397.06315364837644,
  "loss_distortion": 2.477388334274292,
  "loss_compression": 1.4547858953475952
}