image_id,pred,mos,compression_type_id
34,68.0781021118164,71.74127960205078,0
