,PLCC,SRCC,RMSE
AVC,0.9302240992266233,0.87203302373581,5.598272180112523
HEVC,0.875788144967567,0.7729618163054695,6.748666938791552
JPEG,0.8297942710343238,0.8658410732714137,17.469656570257804
