section,compression_type,PLCC,SRCC,RMSE,distortion_acc,compression_acc,num_samples,num_batches
overall,overall,0.7570349296645003,0.8270562770562773,11.193140679553355,0.07272727272727272,0.32727272727272727,55.0,14.0
per_type,AVC,0.9302240992266233,0.87203302373581,5.598272180112523,,,,
per_type,HEVC,0.875788144967567,0.7729618163054695,6.748666938791552,,,,
per_type,JPEG,0.8297942710343238,0.8658410732714137,17.469656570257804,,,,
