,PLCC,SRCC,RMSE
HEVC,0.875788144967567,0.7729618163054695,6.748666938791552
