{
  "loss_total": 53.05626182556152,
  "loss_quality": 52.684274673461914,
  "loss_distortion": 2.493730640411377,
  "loss_compression": 1.2261438608169555
}