{
  "epoch": 4,
  "train_loss_total": 188.3499490449188,
  "train_loss_quality": 187.9530409410459,
  "train_loss_distortion": 2.521582181300592,
  "train_loss_compression": 1.4475015533079796,
  "train_lr": 0.0006561000000000001,
  "train_num_batches": 109.0,
  "val_PLCC": 0.18773508050589774,
  "val_SRCC": 0.2251572327044025,
  "val_RMSE": 20.054859330960895,
  "val_distortion_acc": 0.07407407407407407,
  "val_compression_acc": 0.037037037037037035,
  "val_num_samples": 54,
  "val_num_batches": 14,
  "val_loss_loss_total": 388.2540526986122,
  "val_loss_loss_quality": 387.85738833887234,
  "val_loss_loss_distortion": 2.5162755932126726,
  "val_loss_loss_compression": 1.4503879972866602
}