{
  "epoch": 10,
  "train_loss_total": 148.2611585669561,
  "train_loss_quality": 147.86481182728338,
  "train_loss_distortion": 2.5207930158037657,
  "train_loss_compression": 1.4426799618869746,
  "train_lr": 0.0003486784401,
  "train_num_batches": 109.0,
  "val_PLCC": 0.3224437979507297,
  "val_SRCC": 0.34514960930055266,
  "val_RMSE": 14.150148434815305,
  "val_distortion_acc": 0.07407407407407407,
  "val_compression_acc": 0.037037037037037035,
  "val_num_samples": 54,
  "val_num_batches": 14,
  "val_loss_loss_total": 204.30790764944894,
  "val_loss_loss_quality": 203.91353825160436,
  "val_loss_loss_distortion": 2.5062842539378574,
  "val_loss_loss_compression": 1.4374313354492188
}