{
  "epoch": 6,
  "train_loss_total": 185.1995130832042,
  "train_loss_quality": 184.80321193616325,
  "train_loss_distortion": 2.520431658543578,
  "train_loss_compression": 1.4425821566800459,
  "train_lr": 0.000531441,
  "train_num_batches": 109.0,
  "val_PLCC": 0.4592246773544635,
  "val_SRCC": 0.4445587955021917,
  "val_RMSE": 13.449941876161486,
  "val_distortion_acc": 0.07407407407407407,
  "val_compression_acc": 0.037037037037037035,
  "val_num_samples": 54,
  "val_num_batches": 14,
  "val_loss_loss_total": 177.6305386679513,
  "val_loss_loss_quality": 177.2360349382673,
  "val_loss_loss_distortion": 2.5051269360951016,
  "val_loss_loss_compression": 1.4399191907473974
}