{
  "epoch": 11,
  "train_loss_total": 154.59513963909325,
  "train_loss_quality": 154.19953331378622,
  "train_loss_distortion": 2.5191236023509176,
  "train_loss_compression": 1.436938551587796,
  "train_lr": 0.00031381059609000004,
  "train_num_batches": 109.0,
  "val_PLCC": 0.624207698521147,
  "val_SRCC": 0.6635029540689917,
  "val_RMSE": 18.73740982328172,
  "val_distortion_acc": 0.07407407407407407,
  "val_compression_acc": 0.037037037037037035,
  "val_num_samples": 54,
  "val_num_batches": 14,
  "val_loss_loss_total": 339.47857883998324,
  "val_loss_loss_quality": 339.0827060426985,
  "val_loss_loss_distortion": 2.515423434121268,
  "val_loss_loss_compression": 1.4432734080723353
}