{
  "epoch": 5,
  "train_loss_total": 195.44823777784995,
  "train_loss_quality": 195.05211516476552,
  "train_loss_distortion": 2.5183934202981653,
  "train_loss_compression": 1.4428389892665618,
  "train_lr": 0.00059049,
  "train_num_batches": 109.0,
  "val_PLCC": 0.23507006585792906,
  "val_SRCC": 0.2626643796455117,
  "val_RMSE": 23.093564694285806,
  "val_distortion_acc": 0.07407407407407407,
  "val_compression_acc": 0.037037037037037035,
  "val_num_samples": 54,
  "val_num_batches": 14,
  "val_loss_loss_total": 517.8184265409197,
  "val_loss_loss_quality": 517.4209157398769,
  "val_loss_loss_distortion": 2.5228047711508617,
  "val_loss_loss_compression": 1.452466411249978
}