{
  "epoch": 14,
  "train_loss_total": 145.26217849101496,
  "train_loss_quality": 144.86740939989002,
  "train_loss_distortion": 2.5137196571455087,
  "train_loss_compression": 1.4339730269318327,
  "train_lr": 0.00022876792454961005,
  "train_num_batches": 109.0,
  "val_PLCC": 0.46669177557321573,
  "val_SRCC": 0.4226796264532113,
  "val_RMSE": 22.11851053629951,
  "val_distortion_acc": 0.07407407407407407,
  "val_compression_acc": 0.037037037037037035,
  "val_num_samples": 54,
  "val_num_batches": 14,
  "val_loss_loss_total": 520.8513608660016,
  "val_loss_loss_quality": 520.4592617579868,
  "val_loss_loss_distortion": 2.493919679096767,
  "val_loss_loss_compression": 1.426969017301287
}