{
  "epoch": 13,
  "train_loss_total": 153.81578840903185,
  "train_loss_quality": 153.42055303241133,
  "train_loss_distortion": 2.5119860347257843,
  "train_loss_compression": 1.4403766787380254,
  "train_lr": 0.00025418658283290005,
  "train_num_batches": 109.0,
  "val_PLCC": 0.5031577027606966,
  "val_SRCC": 0.4803887935963407,
  "val_RMSE": 21.090310951760028,
  "val_distortion_acc": 0.07407407407407407,
  "val_compression_acc": 0.037037037037037035,
  "val_num_samples": 54,
  "val_num_batches": 14,
  "val_loss_loss_total": 467.86703055245533,
  "val_loss_loss_quality": 467.47490365164623,
  "val_loss_loss_distortion": 2.4935671942574635,
  "val_loss_loss_compression": 1.4277068631989616
}